<?xml version="1.0" encoding="utf-8"?>
<extension version="2.5" type="plugin" group="system">
<license>http://www.gnu.org/licenses/gpl-2.0.html GNU/GPL</license>
        <name>plg_payeddownloadsvisits</name>
        <author>themhz</author>
        <creationDate>June 18th, 2012</creationDate>
        <copyright>agorasite.gr</copyright>
        <license>GNU General Public License</license>
        <authorEmail>info@agorasite.gr</authorEmail>
        <authorUrl>http://www.agorasite.gr</authorUrl>
        <version>1.0</version>
        <description>Simple visit loger plugin.</description>
        <files>
                <filename plugin="payeddownloadsvisits">payeddownloadsvisits.php</filename>
                <filename>index.html</filename>
        </files>
</extension>
